`Prod_ID`;`Prod_model`;`Parent_ID`;`Prod_Status`;`Prod_tax`;`Prod_sort`;`Prod_lang`;`Product_Name`;`Manufacturer`;`Manuf_number`;`ProductDescription1`;`Images`;`Images_MED`;`Images_LRG`;`Weight`;`Caliber`;`Velocity`;`InStockQuantity`;`WNet`;`CAD`;`GST`;`Duty 6.5%`;`Shipping`;`Cad_COST`;`CAD_Selling`;`SmallImageURL`;`Prod_Category`;`PRODUCT_Cat_number`
`1`;`jsb17784`;`0`;`1`;`1`;`0`;`1`;`JSB Match Diabolo Exact .177 Cal, 8.4 Grains, Domed, 500ct`;`0`;`0`;`Caliber:	0.177" (4.5mm)

Ammo Type:	Pellets

Weight:	8.4gr

Pellet Shape:	

Head Size:	4.52 mm

Quantity:	500`;`subproducts/j17784.jpg`;`subproducts/j17784.jpg`;`subproducts/j17784.jpg`;`0.35`;``;``;`0`;``;``;``;``;``;``;`12.00`;`subproducts/j17784.jpg`;``;`2`
`2`;`jsb17773`;`0`;`1`;`1`;`0`;`1`;`JSB Match Diabolo Exact RS .177 Cal, 7.33 Grains, Domed, 500ct`;`0`;`0`;`Caliber:	0.177" (4.5mm)

Ammo Type:	Pellets

Suggested for:	Target practice/Fun

Weight:	7.33gr

Pellet Shape:	

Head Size:	4.52 mm

Quantity:	500`;`subproducts/jsb733.jpg`;`subproducts/jsb733.jpg`;`subproducts/jsb733.jpg`;`0.45`;``;``;`0`;``;``;``;``;``;``;`12.00`;`subproducts/jsb733.jpg`;``;`2`
`3`;`REM-23711`;`0`;`1`;`1`;`0`;`1`;`L223R3 UMC 223 REM 55GR FMJ AMMO box 20`;`0`;`0`;`20 rounds per box, 10 boxes per case, 5 cases per 1000 round lot

Remington 223 with brass cases that are fully reloadable, non-magnetic 55 grain FMJ bullet. Ideal for target practice`;`subproducts/l223r3.jpg`;`subproducts/l223r3.jpg`;`subproducts/l223r3.jpg`;`0.35`;``;``;`10`;``;``;``;``;``;``;`10.99`;`subproducts/l223r3.jpg`;``;`1`
`4`;`sw686`;`0`;`1`;`1`;`0`;`1`;`Smith & Wesson 686 - .357 Magnum`;`0`;`0`;`Model: 686P

Caliber: .357MAG/.38+P

Capacity: 7 Rounds

Barrel Length: 6"

Front Sight: Red Ramp Front

Rear Sight: White Outline Adjustable Rear

Grip: Rubber Grips

Frame: Medium

Finish: Satin Stainless

Overall Length: 12"

Material: Stainless S`;`subproducts/sw686.jpg`;`subproducts/sw686.jpg`;`subproducts/sw686.jpg`;`2`;``;``;`1`;``;``;``;``;``;``;`989.99`;`subproducts/sw686.jpg`;``;`3`
`5`;`sxp`;`0`;`1`;`1`;`0`;`1`;`Winchester® SXP Marine Defender Pump-Action Shotgun`;`0`;`0`;`Winchester

Winchester® SXP Marine Defender Pump-Action Shotgun





        Inflex Technology recoil pad reduces flinch and fatigue

        Tactical-ribbed forearm provides enhanced control

        Textured, non-slip stock



From wet and windy da`;`subproducts/sxp.jpg`;`subproducts/sxp.jpg`;`subproducts/sxp.jpg`;`3`;``;``;`1`;``;``;``;``;``;``;`399.99`;`subproducts/sxp.jpg`;``;`3`
`6`;`556e`;`0`;`1`;`1`;`0`;`1`;`Ruger SR-556E`;`0`;`0`;`R-556E Autoloading Rifle 5.56mm NATO/.223 Remington 16.12 Inch Barrel Black Anodized Finish 6-Position Stock A2-Style Pistol Grip.

 This is a Restricted Firearm.

Features a round, lightweight adaptable handguard with a full-length Picatinny rail at`;`subproducts/sr556e.jpg`;`subproducts/sr556e.jpg`;`subproducts/sr556e.jpg`;`3`;``;``;`1`;``;``;``;``;``;``;`1299.99`;`subproducts/sr556e.jpg`;``;`3`
`7`;`jsb17710`;`0`;`1`;`1`;`0`;`1`;`JSB Diabolo Exact Heavy .177 Cal, 10.34 Grains, Domed, 500ct`;`0`;`0`;`Caliber:	0.177" (4.5mm)

Ammo Type:	Pellets

Weight:	10.34gr

Pellet Shape:	

Head Size:	4.52 mm

Quantity:	500`;`subproducts/jsb1034.jpg`;`subproducts/jsb1034.jpg`;`subproducts/jsb1034.jpg`;`0.35`;``;``;`1`;``;``;``;``;``;``;`16.00`;`subproducts/jsb1034.jpg`;``;`2`
`8`;`jsb177134`;`0`;`1`;`1`;`0`;`1`;`JSB Exact Monster .177 Cal, 13.4 Grains, Cylindrical, 400ct`;`0`;`0`;`Caliber:	0.177" (4.5mm)

Ammo Type:	Pellets

Weight:	13.4gr

Pellet Shape:	

Quantity:	400`;`subproducts/JSB177134.jpg`;`subproducts/JSB177134.jpg`;`subproducts/JSB177134.jpg`;`0.45`;``;``;`4`;``;``;``;``;``;``;`14.00`;`subproducts/JSB177134.jpg`;``;`2`
`9`;`czombie`;`0`;`1`;`1`;`0`;`1`;`Crosman Zombie Field Target, 4 Kill-Zone Reducers, Reset String`;`0`;`0`;`Crosman zombie field target

    1-1/2" kill zone in zombie&#39;s forehead

    Hit the kill zone with your pellet, and the entire zombie head falls flat

    Heavy steel construction

    Pull the reset string to pull the zombie target upright, agai`;`subproducts/zombie.jpg`;`subproducts/zombie.jpg`;`subproducts/zombie.jpg`;`1.5`;``;``;`2`;``;``;``;``;``;``;`29.99`;`subproducts/zombie.jpg`;``;`5`
`10`;`gsqu`;`0`;`1`;`1`;`0`;`1`;`Gamo Squirrel Field Target w/4 Kill-Zone Reducers`;`0`;`0`;`Great airgun fun. When the colored kill zone is hit, the target falls. To reset, simply pull the cord. Target and kill-zone reducers are solid steel construction. Includes anchoring stakes and reset pull cord. These targets are intended for use with `;`subproducts/gsquirrel.jpg`;`subproducts/gsquirrel.jpg`;`subproducts/gsquirrel.jpg`;`1.5`;``;``;`2`;``;``;``;``;``;``;`29.99`;`subproducts/gsquirrel.jpg`;``;`5`
`11`;`gsil`;`0`;`1`;`1`;`0`;`1`;`GAMO Interchangeable Silhouettes for GAMO Knock-Over Squirrel Ta`;`0`;`0`;`For use with the GAMO Squirrel Knock-Over Target (Sold Separately) these replacement Faceplate&#39;s give you the option of replacing the default Squirrel silhouette with your choice of Rabbit, Chicken, Turkey, Pig, Pigeon or Ram silhouettes. The sco`;`subproducts/silhouettes.jpg`;`subproducts/silhouettes.jpg`;`subproducts/silhouettes.jpg`;`1.5`;``;``;`2`;``;``;``;``;``;``;`29.99`;`subproducts/silhouettes.jpg`;``;`5`
`12`;`38special`;`0`;`1`;`1`;`0`;`1`;`GECO 38 SPECIAL 158GR JHP`;`0`;`0`;`.38 Special - 10,2 g / 158 gr

Geco revolver ammunition

FMJ (Full Metal Jacket)



FMJ bullets have a technically simple design that is favorable for production, making them especially interesting for shooters who engage in intensive training. The o`;`subproducts/38special.png`;`subproducts/38special.png`;`subproducts/38special.png`;`0.45`;``;``;`2`;``;``;``;``;``;``;`28.99`;`subproducts/38special.png`;``;`1`
`13`;`22trace`;`0`;`1`;`1`;`0`;`1`;`Pinery .22 Tracer Red Ammo Box 50`;`0`;`0`;`Our .22LR Rimfire Cartridges are designed for use in rifles, and will function in most auto-loading firearms. They are visible in day or night, and our brightly colored tracers can provide immediate feedback for shooting practices.



They are availa`;`subproducts/22trace.jpg`;`subproducts/22trace.jpg`;`subproducts/22trace.jpg`;`0.35`;``;``;`1`;``;``;``;``;``;``;`39.99`;`subproducts/22trace.jpg`;``;`1`
`14`;`HOP-24011V`;`0`;`1`;`1`;`0`;`1`;`BORESNAKE 22/223 5.56 CAL RIFLE VIPER`;`0`;`0`;`NEW BORESNAKE® VIPER



Everything you love about the BoreSnake plus better cleaning and superior strength.



    Brass weight on the pull cord is stamped with size

    50% more brush cleaning power

    Cone-shaped bore guide on the leading end

 `;`subproducts/VIPER.JPG`;`subproducts/VIPER.JPG`;`subproducts/VIPER.JPG`;`0.25`;``;``;`1`;``;``;``;``;``;``;`24.99`;`subproducts/VIPER.JPG`;``;`7`
`15`;`HOP-24035V`;`0`;`1`;`1`;`0`;`1`;`BORESNAKE 12 GAUGE SHOTGUN VIPER`;`0`;`0`;`NEW BORESNAKE® VIPER



Everything you love about the BoreSnake plus better cleaning and superior strength.



    Brass weight on the pull cord is stamped with size

    50% more brush cleaning power

    Cone-shaped bore guide on the leading end

 `;`subproducts/VIPER.JPG`;`subproducts/VIPER.JPG`;`subproducts/VIPER.JPG`;`0.35`;``;``;`10`;``;``;``;``;``;``;`27.99`;`subproducts/VIPER.JPG`;``;`7`
`16`;`HOP-24002V`;`0`;`1`;`1`;`0`;`1`;`BORESNAKE 9MM 38/357 PISTOL VIPER`;`0`;`0`;`NEW BORESNAKE® VIPER



Everything you love about the BoreSnake plus better cleaning and superior strength.



    Brass weight on the pull cord is stamped with size

    50% more brush cleaning power

    Cone-shaped bore guide on the leading end

 `;`subproducts/VIPER.JPG`;`subproducts/VIPER.JPG`;`subproducts/VIPER.JPG`;`0.25`;``;``;`1`;``;``;``;``;``;``;`24.99`;`subproducts/VIPER.JPG`;``;`7`
`17`;`HOP-24015V`;`0`;`1`;`1`;`0`;`1`;`BORESNAKE 30-308 CAL RIFLE VIPER`;`0`;`0`;`NEW BORESNAKE® VIPER



Everything you love about the BoreSnake plus better cleaning and superior strength.



    Brass weight on the pull cord is stamped with size

    50% more brush cleaning power

    Cone-shaped bore guide on the leading end

 `;`subproducts/VIPER.JPG`;`subproducts/VIPER.JPG`;`subproducts/VIPER.JPG`;`0.25`;``;``;`1`;``;``;``;``;``;``;`24.99`;`subproducts/VIPER.JPG`;``;`7`
`18`;`HOP-1202`;`0`;`1`;`1`;`0`;`1`;`22 TO 270 CAL CLEANING PATCHES`;`0`;`0`;`For Small Bore, 17HMR and .204 Caliber.



    Uniformly woven patches

    Ultra-absorbent

    Pre-cut caliber and gauges

    60 per pack`;`subproducts/patch.jpg`;`subproducts/patch.jpg`;`subproducts/patch.jpg`;`0.25`;``;``;`1`;``;``;``;``;``;``;`1.99`;`subproducts/patch.jpg`;``;`7`
`19`;`HOP-1203`;`0`;`1`;`1`;`0`;`1`;`270 TO 35 CAL CLEANING PATCHES`;`0`;`0`;`Uniformly woven patches

    Ultra-absorbent

    Pre-cut caliber and gauges

    60 per pack`;`subproducts/patch.jpg`;`subproducts/patch.jpg`;`subproducts/patch.jpg`;`0.25`;``;``;`1`;``;``;``;``;``;``;`1.99`;`subproducts/patch.jpg`;``;`7`
`20`;`HOP-1204`;`0`;`1`;`1`;`0`;`1`;`38 TO 45 CAL CLEANING PATCHES`;`0`;`0`;`Uniformly woven patches

    Ultra-absorbent

    Pre-cut caliber and gauges

    60 per pack`;`subproducts/patch.jpg`;`subproducts/patch.jpg`;`subproducts/patch.jpg`;`0.25`;``;``;`1`;``;``;``;``;``;``;`1.99`;`subproducts/patch.jpg`;``;`7`
`21`;`HOP-1380P`;`0`;`1`;`1`;`0`;`1`;`BRONZE UTILITY BRUSH`;`0`;`0`;`Choose nylon or phosphor bronze bristles.

    Two bristled ends – one for large areas, the other for tight spots.

    Intense scrubbing without scratching.

    Extremely rugged design.

    Ideal for breeches and myriad other uses.`;`subproducts/bbrush.jpg`;`subproducts/bbrush.jpg`;`subproducts/bbrush.jpg`;`0.25`;``;``;`1`;``;``;``;``;``;``;`3.99`;`subproducts/bbrush.jpg`;``;`7`
`22`;`lar15`;`0`;`1`;`1`;`0`;`1`;`LAR 10 round Magazine for AR`;`0`;`0`;`10 Round LAR-15 &#39;Pistol&#39; Magazines fit all standard .223/5.56 AR Rifles and Pistols...  



Classified by the RCMP as &#39;Pistol Magazines&#39; they are manufactured exclusively for Questar by Ammunition Storage Components (ASC) using the sa`;`subproducts/lar.jpg`;`subproducts/lar.jpg`;`subproducts/lar.jpg`;`0.36`;``;``;`5`;``;``;``;``;``;``;`24.99`;`subproducts/lar.jpg`;``;`8`
`23`;`BAL6OZ`;`0`;`1`;`1`;`0`;`1`;`Ballistol Sportsman&#39;s Gun Oil 6 oz Aerosol`;`0`;`0`;`Product Information

 Ballistol Sportsman&#39;s Gun Oil is all-natural, non-toxic and does not lose its ability to lubricate even when mixed with water. Cleans black powder residue and is not petro-chemical based, so it will not affect a "seasoned" m`;`subproducts/ballistol.jpg`;`subproducts/ballistol.jpg`;`subproducts/ballistol.jpg`;`0.5`;``;``;`12`;``;``;``;``;``;``;`9.99`;`subproducts/ballistol.jpg`;``;`7`
`24`;`BALWIPE`;`0`;`1`;`1`;`0`;`1`;`Ballistol Wipes, Individually Packaged`;`0`;`0`;`Ballistol is known as Germany&#39;s Wonder oil. These multi-purpose wipes are individually packed and are super convenient and eco-friendly! We recommend wiping carbon steel straight razors down with Ballistol to prevent rust and stop corrosion. Can `;`subproducts/balwipes.jpg`;`subproducts/balwipes.jpg`;`subproducts/balwipes.jpg`;`0.15`;``;``;`24`;``;``;``;``;``;``;`0.99`;`subproducts/balwipes.jpg`;``;`7`
`25`;`PY-2595`;`0`;`1`;`1`;`0`;`1`;`Aftermath .45 Lady Sport Tactical CO2 BB Pistol`;`Aftermath`;`4`;` Aftermath .45 Lady Sport Tactical BB pistol 12-gram CO2 cartridge Semiauto 19-rd BB mag Fiber optic fixed sights Metal slide Manual safety Weaver accessory rail Pink frame & hammer, black slide & trigger blade   The owner's manual says this is an ai`;`pyr/Gamo-Lady-Sport-Tact-CO2_GA-611165554_pistol_lg.jpg`;`pyr/Gamo-Lady-Sport-Tact-CO2_GA-611165554_pistol_lg.jpg`;`pyr/Gamo-Lady-Sport-Tact-CO2_GA-611165554_pistol_lg.jpg`;`1.0`;`0.177`;`430`;`100`;`49.09`;`52.72`;`2.64`;`3.60`;`2`;`58.96`;`73.70`;`pyrsm/Gamo-Lady-Sport-Tact-CO2_GA-611165554_pistol_sm.jpg`;`AIR PISTOLS`;`11`
`26`;`PY-2400`;`0`;`1`;`1`;`0`;`1`;`AirForce TalonP PCP Air Pistol, Spin-Loc Tank`;`AirForce`;`9`;` Airforce Airguns TalonP air pistol Precharged pneumatic Single-shot Bolt-action 11mm dovetail (no open sights) 12&quot; barrel 2-stage trigger (adj. for position only) Textured grip 213cc tank 3000 psi max fill pressure Adjustable power wheel Up to `;`pyr/U208_PY-2400.jpg`;`pyr/U208_PY-2400.jpg`;`pyr/U208_PY-2400.jpg`;`2.7`;`0.25`;`900`;`100`;`346.80`;`372.46`;`18.62`;`25.42`;`2`;`416.51`;`520.63`;`pyrsm/U208_PY-2400_sm.jpg`;`AIR PISTOLS`;`11`
`27`;`PY-2679`;`0`;`1`;`1`;`0`;`1`;`ASG STI Duty One CO2 BB Pistol`;`ASG`;`13`;` STI Duty One pistol Uses 12-gram CO2 cartridges 20-rd mag Slide moves in a realistic blowback action! Very realistic 1911 lookalike Fixed sights Manual safety Weaver accessory rail   When shooting a BB gun, everyone in the vicinity should wear safet`;`pyr/ASG-STI-Duty-One-CO2-BB-Pistol_ASG-16732_lg.jpg`;`pyr/ASG-STI-Duty-One-CO2-BB-Pistol_ASG-16732_lg.jpg`;`pyr/ASG-STI-Duty-One-CO2-BB-Pistol_ASG-16732_lg.jpg`;`1.0`;`0.177`;`383`;`100`;`70.00`;`75.18`;`3.76`;`5.13`;`2`;`84.07`;`105.09`;`pyrsm/ASG-STI-Duty-One-CO2-BB-Pistol_ASG-16732_sm.jpg`;`AIR PISTOLS`;`11`
`28`;`PY-2909`;`0`;`1`;`1`;`0`;`1`;`ASG Bersa Thunder 9 PRO BB Pistol`;`ASG`;`13`;` Bersa Thunder 9 PRO pistol Uses a 12-gram CO2 cartridge Semiauto Removable 19rd BB stick magazine Fixed 3-dot sighting system Weaver/Picatinny accessory rail Threaded muzzle Non-blowback `;`pyr/ASG-Bersa-Thunder-9-PRO-BB-Pistol_ASG-17302.jpg`;`pyr/ASG-Bersa-Thunder-9-PRO-BB-Pistol_ASG-17302.jpg`;`pyr/ASG-Bersa-Thunder-9-PRO-BB-Pistol_ASG-17302.jpg`;`1.2`;`0.177`;`400`;`100`;`39.78`;`42.72`;`2.14`;`2.92`;`2`;`47.78`;`59.72`;`pyrsm/ASG-Bersa-Thunder-9-PRO-BB-Pistol_ASG-17302_sm.jpg`;`AIR PISTOLS`;`11`
`29`;`PY-2946`;`0`;`1`;`1`;`0`;`1`;`ASG Bersa BP9CC CO2 Blowback Pistol`;`ASG`;`13`;` Bersa BP9CC air pistol CO2 pistol Uses 12-gram CO2 cartridges Semiauto 20rd removable BB stick mag 3-dot sight system Blowback Manual safety Metal slide Ergonomic design aids sighting Weaver accessory rail   Steel BBs can ricochet, so don't shoot BB`;`pyr/ASG-BERSA-BP9CC-4-5mm-BB-blowback-pistol_ASG-17301.jpg`;`pyr/ASG-BERSA-BP9CC-4-5mm-BB-blowback-pistol_ASG-17301.jpg`;`pyr/ASG-BERSA-BP9CC-4-5mm-BB-blowback-pistol_ASG-17301.jpg`;`1.5`;`0.177`;`350`;`0`;`75.87`;`81.48`;`4.07`;`5.56`;`2`;`91.12`;`113.90`;`pyrsm/ASG-BERSA-BP9CC-4-5mm-BB-blowback-pistol_ASG-17301_sm.jpg`;`AIR PISTOLS`;`11`
`30`;`PY-3121`;`0`;`1`;`1`;`0`;`1`;`ASG CZ 75 P-07 Duty Dual-Tone CO2 Pistol`;`ASG`;`13`;` ASG CZ 75 P-07 Duty pistol Uses a 12-gram CO2 cartridge 20-rd removable mag Metal slide moves and delivers realistic blowback action Looks like the 9x19 firearm Fixed sights (2 whited dots on rear sight, 1 white dot on front sight) Manual safety Wea`;`pyr/ASG-CZ75-P-07-DUTY-B-B-BB-pistol-2-tone_ASG-16533.jpg`;`pyr/ASG-CZ75-P-07-DUTY-B-B-BB-pistol-2-tone_ASG-16533.jpg`;`pyr/ASG-CZ75-P-07-DUTY-B-B-BB-pistol-2-tone_ASG-16533.jpg`;`1.5`;`0.177`;`342`;`100`;`76.45`;`82.11`;`4.11`;`5.60`;`2`;`91.82`;`114.77`;`pyrsm/ASG-CZ75-P-07-DUTY-B-B-BB-pistol-2-tone_ASG-16533_sm.jpg`;`AIR PISTOLS`;`11`
`31`;`PY-3123`;`0`;`1`;`1`;`0`;`1`;`ASG CZ 75 P-07 Duty CO2 Pistol`;`ASG`;`13`;` ASG CZ 75 P-07 Duty pistol Uses a 12-gram CO2 cartridge 20-rd removable mag Slide moves and delivers realistic blowback action Looks like the 9x19 firearm Fixed sights (2 whited dots on rear sight, 1 white dot on front sight) Manual safety Weaver ac`;`pyr/ASG-CZ-75-P-07-Duty-B-B--BB-pistol-Black_ASG-16728_01.jpg`;`pyr/ASG-CZ-75-P-07-Duty-B-B--BB-pistol-Black_ASG-16728_01.jpg`;`pyr/ASG-CZ-75-P-07-Duty-B-B--BB-pistol-Black_ASG-16728_01.jpg`;`1.3`;`0.177`;`320`;`0`;`66.84`;`71.79`;`3.59`;`4.90`;`2`;`80.27`;`100.34`;`pyrsm/ASG-CZ-75-P-07-Duty-B-B--BB-pistol-Black_ASG-16728_sm01.jpg`;`AIR PISTOLS`;`11`
`32`;`PY-308`;`0`;`1`;`1`;`0`;`1`;`Daisy Avanti 747 Triumph Match`;`Avanti`;`14`;`If you enjoy shooting competitively, Daisy's single-stroke pneumatic Avanti 747 Triumph Match pistol will get you started in the field of 10-meter shooting, an Olympic sport. With its highly accurate Lothar Walther barrel, this gun is all business. L`;`pyr/Daisy-Avanti-747_Avanti-747_lg.jpg`;`pyr/Daisy-Avanti-747_Avanti-747_lg.jpg`;`pyr/Daisy-Avanti-747_Avanti-747_lg.jpg`;`1.8`;`0.177`;`360`;`0`;`192.83`;`207.10`;`10.35`;`14.13`;`2`;`231.59`;`289.49`;`pyrsm/Daisy-Avanti-747_Avanti-747_sm.jpg`;`AIR PISTOLS`;`11`
`33`;`PY-1241`;`0`;`1`;`1`;`0`;`1`;`Daisy Avanti 717 Triumph Match`;`Avanti`;`14`;` Ideal gun for 10-meter target practice Useful for training new shooters on gun safety Good accuracy Right-hand, molded-plastic grips with thumbrest Receiver, frame & cocking mechanism are metal `;`pyr/Daisy-Avanti-717_DY-717_lg.jpg`;`pyr/Daisy-Avanti-717_DY-717_lg.jpg`;`pyr/Daisy-Avanti-717_DY-717_lg.jpg`;`1.8`;`0.177`;`360`;`100`;`138.13`;`148.35`;`7.42`;`10.12`;`2`;`165.89`;`207.37`;`pyrsm/Daisy-Avanti-717_DY-717_sm.jpg`;`AIR PISTOLS`;`11`
`34`;`PY-45`;`0`;`1`;`1`;`0`;`1`;`Beeman HW70A`;`Beeman`;`16`;`Accuracy at a bargain price! The HW70A is a breakbarrel air pistol with an ambidextrous grip that has thumbrests on both sides. The checkered, ergonomic grip is part of a molded synthetic stock that is lightweight, well-balanced, scratch-resistant an`;`pyr/Beeman-HW70A_BN-2370A_pistol_lg.jpg`;`pyr/Beeman-HW70A_BN-2370A_pistol_lg.jpg`;`pyr/Beeman-HW70A_BN-2370A_pistol_lg.jpg`;`1.8`;`0.177`;`440`;`0`;`211.14`;`226.76`;`11.34`;`15.48`;`2`;`253.58`;`316.97`;`pyrsm/Beeman-HW70A_BN-2370A_pistol_sm.jpg`;`AIR PISTOLS`;`11`
`35`;`PY-555-1144`;`0`;`1`;`1`;`0`;`1`;`Beeman P1 Air Pistol`;`Beeman`;`16`;`Looks like a .45 1911 firearm...and just as accurate! Made in Germany by the legendary Weihrauch company, the Beeman P1 is considered by many to be the Holy Grail of air pistols. This is an heirloom airgun that you'll pass along to your grandchildren`;`pyr/Beeman-P1-Iron-Sights_BN-22300_pistol_lg.jpg`;`pyr/Beeman-P1-Iron-Sights_BN-22300_pistol_lg.jpg`;`pyr/Beeman-P1-Iron-Sights_BN-22300_pistol_lg.jpg`;`1.8`;`0.177`;`600`;`0`;`367.20`;`394.37`;`19.72`;`26.92`;`2`;`441.01`;`551.26`;`pyrsm/Beeman-P1-Iron-Sights_BN-22300_pistol_sm.jpg`;`AIR PISTOLS`;`11`
`36`;`PY-555-1145`;`0`;`1`;`1`;`0`;`1`;`Beeman P1 Air Pistol`;`Beeman`;`16`;`Looks like a .45 1911 firearm...and just as accurate! Made in Germany by the legendary Weihrauch company, the Beeman P1 is considered by many to be the Holy Grail of air pistols. This is an heirloom airgun that you'll pass along to your grandchildren`;`pyr/Beeman-P1-Iron-Sights_BN-22300_pistol_lg.jpg`;`pyr/Beeman-P1-Iron-Sights_BN-22300_pistol_lg.jpg`;`pyr/Beeman-P1-Iron-Sights_BN-22300_pistol_lg.jpg`;`1.8`;`0.2`;`530`;`0`;`380.97`;`409.16`;`20.46`;`27.93`;`2`;`457.55`;`571.93`;`pyrsm/Beeman-P1-Iron-Sights_BN-22300_pistol_sm.jpg`;`AIR PISTOLS`;`11`
`37`;`PY-555-4516`;`0`;`1`;`1`;`0`;`1`;`Beeman P1 Air Pistol`;`Beeman`;`16`;`Looks like a .45 1911 firearm...and just as accurate! Made in Germany by the legendary Weihrauch company, the Beeman P1 is considered by many to be the Holy Grail of air pistols. This is an heirloom airgun that you'll pass along to your grandchildren`;`pyr/Beeman-P1-Iron-Sights_BN-22300_pistol_lg.jpg`;`pyr/Beeman-P1-Iron-Sights_BN-22300_pistol_lg.jpg`;`pyr/Beeman-P1-Iron-Sights_BN-22300_pistol_lg.jpg`;`1.8`;`0.22`;`460`;`100`;`367.20`;`394.37`;`19.72`;`26.92`;`2`;`441.01`;`551.26`;`pyrsm/Beeman-P1-Iron-Sights_BN-22300_pistol_sm.jpg`;`AIR PISTOLS`;`11`
`38`;`PY-556`;`0`;`1`;`1`;`0`;`1`;`Beeman P3`;`Beeman`;`16`;`Solid construction, accurate, light trigger-pull, easy to cock, fun to shoot! That's just about everything you could ever want in an air pistol. The Beeman P3 is a single-stroke pneumatic, which means it requires just one cocking stroke of the overle`;`pyr/Beeman-P3-BN-2360-air-pistol.jpg`;`pyr/Beeman-P3-BN-2360-air-pistol.jpg`;`pyr/Beeman-P3-BN-2360-air-pistol.jpg`;`1.3`;`0.177`;`410`;`0`;`179.01`;`192.26`;`9.61`;`13.12`;`2`;`214.99`;`268.74`;`pyrsm/Beeman-P3-BN-2360-air-pistol_sm.jpg`;`AIR PISTOLS`;`11`
`39`;`PY-614`;`0`;`1`;`1`;`0`;`1`;`Beeman P17`;`Beeman`;`16`;`<font color=red>Formerly known as the Marksman 2004.</font>  The owner's manual says the gun has a manual safety. It does not. It has an automatic safety.  Outstanding accuracy and velocity. Single-shot pistol produces up to 410 fps. Totally recoille`;`pyr/Beeman-P17_BN-2004_pistol_lg.jpg`;`pyr/Beeman-P17_BN-2004_pistol_lg.jpg`;`pyr/Beeman-P17_BN-2004_pistol_lg.jpg`;`1.5`;`0.177`;`410`;`100`;`30.55`;`32.81`;`1.64`;`2.24`;`2`;`36.69`;`45.86`;`pyrsm/Beeman-P17_BN-2004_pistol_sm.jpg`;`AIR PISTOLS`;`11`
`40`;`PY-1231`;`0`;`1`;`1`;`0`;`1`;`Beeman P17 Kit`;`Beeman`;`16`;`Very quiet and completely recoilless, it's the perfect pistol for practice at home. One stroke of the cocking lever shoots a .177 pellet more than 400 fps. Red-dot sight included, or use with provided open sights.    The owner's manual says the gun h`;`pyr/Beeman-P17-Kit_BN-2006_pistol_lg.jpg`;`pyr/Beeman-P17-Kit_BN-2006_pistol_lg.jpg`;`pyr/Beeman-P17-Kit_BN-2006_pistol_lg.jpg`;`2.7`;`0.177`;`410`;`0`;`33.65`;`36.14`;`1.81`;`2.47`;`2`;`40.41`;`50.52`;`pyrsm/Beeman-P17-Kit_BN-2006_pistol_sm.jpg`;`AIR PISTOLS`;`11`
`41`;`PY-1328`;`0`;`1`;`1`;`0`;`1`;`Beeman 2008 CO2 Air Pistol`;`Beeman`;`16`;`Gun features & specs: .177 cal pistol 6-shot rotary clip Semi-auto rapid-fire Powered by 12-gram CO2 cartridge (not included) 400 fps Includes 4 clips `;`pyr/2008Pistol.jpg`;`pyr/2008Pistol.jpg`;`pyr/2008Pistol.jpg`;`1.9`;`0.177`;`400`;`100`;`70.35`;`75.56`;`3.78`;`5.16`;`2`;`84.49`;`105.61`;`pyrsm/2008Pistols.jpg`;`AIR PISTOLS`;`11`
`42`;`PY-1895-3871`;`0`;`1`;`1`;`0`;`1`;`Beeman P11 air pistol`;`Beeman`;`16`;`The P11 is an example of the Beeman tradition of never being satisfied, always working to improve every single product within the Beeman family. Starting with the famous P1, Beeman added ambidextrous, competition-style laminated grips and a two-tone,`;`pyr/Beeman-P11-Match_BN-2390_pistol_lg.jpg`;`pyr/Beeman-P11-Match_BN-2390_pistol_lg.jpg`;`pyr/Beeman-P11-Match_BN-2390_pistol_lg.jpg`;`1.8`;`0.177`;`600`;`0`;`426.87`;`458.46`;`22.92`;`31.29`;`2`;`512.67`;`640.84`;`pyrsm/Beeman-P11-Match_BN-2390_pistol_sm.jpg`;`AIR PISTOLS`;`11`
`43`;`PY-1895-4223`;`0`;`1`;`1`;`0`;`1`;`Beeman P11 air pistol`;`Beeman`;`16`;`The P11 is an example of the Beeman tradition of never being satisfied, always working to improve every single product within the Beeman family. Starting with the famous P1, Beeman added ambidextrous, competition-style laminated grips and a two-tone,`;`pyr/Beeman-P11-Match_BN-2390_pistol_lg.jpg`;`pyr/Beeman-P11-Match_BN-2390_pistol_lg.jpg`;`pyr/Beeman-P11-Match_BN-2390_pistol_lg.jpg`;`1.8`;`0.22`;`460`;`0`;`413.10`;`443.67`;`22.18`;`30.28`;`2`;`496.13`;`620.17`;`pyrsm/Beeman-P11-Match_BN-2390_pistol_sm.jpg`;`AIR PISTOLS`;`11`
`44`;`PY-2665-5250`;`0`;`1`;`1`;`0`;`1`;`Beeman P1 Stainless Look Air Pistol`;`Beeman`;`16`;` Beeman P1 Stainless look & black finish Spring-piston Overlever Single-shot Manual safety 14mm optics dovetails* 2-stage adjustable trigger Checkered plastic grips Fixed front sight Rear sight adj. for windage & elevation 2 power levels   *The dovet`;`pyr/Beeman-P1-Stainless-Steel_BN-22300S_pistol_lg.jpg`;`pyr/Beeman-P1-Stainless-Steel_BN-22300S_pistol_lg.jpg`;`pyr/Beeman-P1-Stainless-Steel_BN-22300S_pistol_lg.jpg`;`1.3`;`0.177`;`600`;`100`;`418.20`;`449.15`;`22.46`;`30.65`;`2`;`502.26`;`627.82`;`pyrsm/Beeman-P1-Stainless-Steel_BN-22300S_pistol_sm.jpg`;`AIR PISTOLS`;`11`
`45`;`PY-2665-5251`;`0`;`1`;`1`;`0`;`1`;`Beeman P1 Stainless Look Air Pistol`;`Beeman`;`16`;` Beeman P1 Stainless look & black finish Spring-piston Overlever Single-shot Manual safety 14mm optics dovetails* 2-stage adjustable trigger Checkered plastic grips Fixed front sight Rear sight adj. for windage & elevation 2 power levels   *The dovet`;`pyr/Beeman-P1-Stainless-Steel_BN-22300S_pistol_lg.jpg`;`pyr/Beeman-P1-Stainless-Steel_BN-22300S_pistol_lg.jpg`;`pyr/Beeman-P1-Stainless-Steel_BN-22300S_pistol_lg.jpg`;`1.3`;`0.22`;`460`;`0`;`418.20`;`449.15`;`22.46`;`30.65`;`2`;`502.26`;`627.82`;`pyrsm/Beeman-P1-Stainless-Steel_BN-22300S_pistol_sm.jpg`;`AIR PISTOLS`;`11`
`46`;`PY-233`;`0`;`1`;`1`;`0`;`1`;`Benjamin HB22`;`Benjamin`;`17`;`Benjamin HB22 -Pump with .22 Power`;`pyr/Benjamin-HB22-22cal_Benjamin-HB22_pistol_lg.jpg`;`pyr/Benjamin-HB22-22cal_Benjamin-HB22_pistol_lg.jpg`;`pyr/Benjamin-HB22-22cal_Benjamin-HB22_pistol_lg.jpg`;`1.8`;`0.22`;`460`;`0`;`129.43`;`139.01`;`6.95`;`9.49`;`2`;`155.45`;`194.31`;`pyrsm/Benjamin-HB22-22cal_Benjamin-HB22_pistol_sm.jpg`;`AIR PISTOLS`;`11`
`47`;`PY-425`;`0`;`1`;`1`;`0`;`1`;`Benjamin EB22`;`Benjamin`;`17`;` CO2 pistol Uses 12-gram CO2 cartridges Bolt-action Single-shot 6-groove rifled brass barrel Manual crossbolt safety Fixed front sight Adjustable rear sight Made the old-fashioned way...metal and wood! `;`pyr/Benjamin-EB22_Benjamin-EB22.jpg`;`pyr/Benjamin-EB22_Benjamin-EB22.jpg`;`pyr/Benjamin-EB22_Benjamin-EB22.jpg`;`1.8`;`0.22`;`430`;`100`;`112.19`;`120.49`;`6.02`;`8.22`;`2`;`134.74`;`168.43`;`pyrsm/Benjamin-EB22_Benjamin-EB22_sm.jpg`;`AIR PISTOLS`;`11`
`48`;`PY-2367`;`0`;`1`;`1`;`0`;`1`;`Benjamin Marauder PCP Air Pistol`;`Benjamin`;`17`;` Benjamin Marauder pistol Precharged pneumatic (PCP) Bolt-action 8-rd circular mag with auto-indexing 11mm dovetail Integral shroud makes this a VERY quiet gun 12&quot; choked barrel delivers superior accuracy Raised aluminum breech for easier loadin`;`pyr/Benjamin-Marauder_BJ-BP2220_pistol_lg.jpg`;`pyr/Benjamin-Marauder_BJ-BP2220_pistol_lg.jpg`;`pyr/Benjamin-Marauder_BJ-BP2220_pistol_lg.jpg`;`1.7`;`0.22`;`700`;`0`;`358.28`;`384.79`;`19.24`;`26.26`;`2`;`430.29`;`537.87`;`pyrsm/Benjamin-Marauder_BJ-BP2220_pistol_sm.jpg`;`AIR PISTOLS`;`11`
`49`;`PY-2722`;`0`;`1`;`1`;`0`;`1`;`Benjamin Marauder Woods Walker Air Pistol`;`Benjamin`;`17`;` Benjamin Marauder Woods Walker air pistol Precharged pneumatic (PCP) Bolt-action 8-rd circular mag with auto-indexing 11mm dovetail Integral shroud makes this a VERY quiet gun 12&quot; choked barrel delivers superior accuracy Raised aluminum breech `;`pyr/BJ-Marauder-WoodsWalker-22Pistol-Camo-_BJ-BP2220AP.jpg`;`pyr/BJ-Marauder-WoodsWalker-22Pistol-Camo-_BJ-BP2220AP.jpg`;`pyr/BJ-Marauder-WoodsWalker-22Pistol-Camo-_BJ-BP2220AP.jpg`;`2.7`;`0.22`;`700`;`100`;`445.62`;`478.60`;`23.93`;`32.66`;`2`;`535.19`;`668.99`;`pyrsm/BJ-Marauder-WoodsWalker-22Pistol-Camo-_BJ-BP2220AP_sm.jpg`;`AIR PISTOLS`;`11`
`50`;`PY-2723`;`0`;`1`;`1`;`0`;`1`;`Benjamin Trail NP Air Pistol`;`Benjamin`;`17`;` Benjamin Trail NP air pistol Nitro Piston Breakbarrel Single-shot 19.5&quot; long with muzzlebrake; 16&quot; long without muzzlebrake 25 lbs. cocking effort 7-lb. trigger-pull Fixed fiber optic front sight Fully adjustable fiber optic rear sight Tex`;`pyr/Trail-NP-Break-Barrel_Benj-BBP77.jpg`;`pyr/Trail-NP-Break-Barrel_Benj-BBP77.jpg`;`pyr/Trail-NP-Break-Barrel_Benj-BBP77.jpg`;`1.7`;`0.177`;`625`;`100`;`68.95`;`74.05`;`3.70`;`5.05`;`2`;`82.81`;`103.51`;`pyrsm/Trail-NP-Break-Barrel_Benj-BBP77_sm.jpg`;`AIR PISTOLS`;`11`
`51`;`PY-153`;`0`;`1`;`1`;`0`;`1`;`Beretta 92FS CO2 pellet pistol`;`Beretta`;`18`;` Beretta FS92 CO2 (uses 12-gram cartridges) 8-rd pellet repeater Semiauto Double-/single-action Blued frame Black plastic grips Highly realistic, which means this is as big as the firearm! Includes a hard case `;`pyr/Beretta-92FS-CO2-pellet-pistol_Beretta-2253000.jpg`;`pyr/Beretta-92FS-CO2-pellet-pistol_Beretta-2253000.jpg`;`pyr/Beretta-92FS-CO2-pellet-pistol_Beretta-2253000.jpg`;`1.6`;`0.177`;`425`;`100`;`172.06`;`184.79`;`9.24`;`12.61`;`2`;`206.64`;`258.31`;`pyrsm/Beretta-92FS-CO2-pellet-pistol_Beretta-2253000_sm.jpg`;`AIR PISTOLS`;`11`
`52`;`PY-154`;`0`;`1`;`1`;`0`;`1`;`Beretta 92FS CO2 Pellet Gun`;`Beretta`;`18`;` CO2 pistol Semiauto 8rd pellet repeater Double-action and single-action Fixed front sight Rear sight windage adjustable Manual safety Ambidextrous grip Includes foam-lined hard case `;`pyr/Beretta-92FS-CO2-Wood-Grip_WAU-BM92BWood_lg.jpg`;`pyr/Beretta-92FS-CO2-Wood-Grip_WAU-BM92BWood_lg.jpg`;`pyr/Beretta-92FS-CO2-Wood-Grip_WAU-BM92BWood_lg.jpg`;`1.6`;`0.177`;`425`;`100`;`239.37`;`257.08`;`12.85`;`17.55`;`2`;`287.48`;`359.35`;`pyrsm/Beretta-92FS-CO2-Wood-Grip_WAU-BM92BWood_sm.jpg`;`AIR PISTOLS`;`11`
`53`;`PY-155`;`0`;`1`;`1`;`0`;`1`;`Beretta 92FS, Nickel, Black Grips`;`Beretta`;`18`;` CO2 pistol Semiauto 8rd pellet repeater Double-action and single-action Fixed front sight Rear sight windage adjustable Manual safety Ambidextrous grip Includes foam-lined hard case `;`pyr/Beretta-92FS-Nickel-Black-Grips_Beretta-2253001.jpg`;`pyr/Beretta-92FS-Nickel-Black-Grips_Beretta-2253001.jpg`;`pyr/Beretta-92FS-Nickel-Black-Grips_Beretta-2253001.jpg`;`1.6`;`0.177`;`425`;`0`;`195.71`;`210.19`;`10.51`;`14.35`;`2`;`235.05`;`293.81`;`pyrsm/Beretta-92FS-Nickel-Black-Grips_Beretta-2253001_sm.jpg`;`AIR PISTOLS`;`11`
`54`;`PY-156`;`0`;`1`;`1`;`0`;`1`;`Beretta 92FS, Nickel air gun`;`Beretta`;`18`;` CO2 pistol Semiauto 8rd pellet repeater Double-action and single-action Fixed front sight Rear sight windage adjustable Manual safety Ambidextrous wood grip panels Includes foam-lined hard case `;`pyr/Beretta-92FS-Nickel-Wood_Beretta-2253002_pistol_lg.jpg`;`pyr/Beretta-92FS-Nickel-Wood_Beretta-2253002_pistol_lg.jpg`;`pyr/Beretta-92FS-Nickel-Wood_Beretta-2253002_pistol_lg.jpg`;`1.6`;`0.177`;`425`;`100`;`221.89`;`238.31`;`11.92`;`16.26`;`2`;`266.49`;`333.11`;`pyrsm/Beretta-92FS-Nickel-Wood_Beretta-2253002_pistol_sm.jpg`;`AIR PISTOLS`;`11`
`55`;`PY-742`;`0`;`1`;`1`;`0`;`1`;`Beretta XX-Treme`;`Beretta`;`18`;`The Beretta XX-TREME is based on the Beretta 92 FS. It features a compensator and a dot sight fitted to a quad-rail that offers individual ways of mounting scopes and other optical accessories.  The Beretta 92 firearm was selected by a multi-national`;`pyr/beretta-xx-new.jpg`;`pyr/beretta-xx-new.jpg`;`pyr/beretta-xx-new.jpg`;`1.6`;`0.177`;`425`;`100`;`244.79`;`262.90`;`13.15`;`17.94`;`2`;`293.99`;`367.49`;`pyrsm/beretta-xx-new-small.jpg`;`AIR PISTOLS`;`11`
`56`;`PY-1247`;`0`;`1`;`1`;`0`;`1`;`Beretta Elite II CO2 Pistol`;`Beretta`;`18`;` Beretta Elite II 19-rd removable magazine Semi-auto Uses 12-gram CO2 cartridges Double-action only Accessory rail for laser or tactical flashlight Never shoot steel BBs at hard objects! `;`pyr/Beretta-Elite-2-BB_Beretta-2253003_pistol_lg.jpg`;`pyr/Beretta-Elite-2-BB_Beretta-2253003_pistol_lg.jpg`;`pyr/Beretta-Elite-2-BB_Beretta-2253003_pistol_lg.jpg`;`1.6`;`0.177`;`410`;`100`;`39.57`;`42.50`;`2.12`;`2.90`;`2`;`47.52`;`59.40`;`pyrsm/Beretta-Elite-2-BB_Beretta-2253003_pistol_sm.jpg`;`AIR PISTOLS`;`11`
`57`;`PY-1308`;`0`;`1`;`1`;`0`;`1`;`Beretta PX4 Storm pellet gun`;`Beretta`;`18`;`The PX4 Storm looks, feels and shoots just like the firearm it copies! This 16-shot repeater will have you shooting as fast as you can pull the trigger. There's an 8-shot rotary clip on one end of the stick mag, and another one at the other end. Afte`;`pyr/Beretta-PX4-Storm_Beretta-2253004_lg.jpg`;`pyr/Beretta-PX4-Storm_Beretta-2253004_lg.jpg`;`pyr/Beretta-PX4-Storm_Beretta-2253004_lg.jpg`;`1.6`;`0.177`;`380`;`100`;`79.70`;`85.60`;`4.28`;`5.84`;`2`;`95.72`;`119.65`;`pyrsm/Beretta-PX4-Storm_Beretta-2253004_sm.jpg`;`AIR PISTOLS`;`11`
`58`;`PY-1537`;`0`;`1`;`1`;`0`;`1`;`Beretta PX4 Storm Recon CO2 gun`;`Beretta`;`18`;` PX4 Storm Recon has a black slide & dark earth brown frame & grip Uses 1 CO2 cartridge Semiauto 16rd mag (use steel BBs and lead pellets) Compensator Tactical accessory rail mount Shot Dot point sight (specs below) Walther tactical flashlight with c`;`pyr/BE-2253012_lg.jpg`;`pyr/BE-2253012_lg.jpg`;`pyr/BE-2253012_lg.jpg`;`1.6`;`0.177`;`380`;`100`;`141.02`;`151.46`;`7.57`;`10.34`;`2`;`169.37`;`211.71`;`pyrsm/BE-2253012_sm.jpg`;`AIR PISTOLS`;`11`
`59`;`PY-2751`;`0`;`1`;`1`;`0`;`1`;`Beretta 90-TWO CO2 BB Pistol`;`Beretta`;`18`;` Beretta 90-TWO air pistol Uses a 12-gram CO2 cartridge Semiauto 21rd drop-free BB mag Accessory rail Double- and single-action Metal slide Manual safety `;`pyr/Beretta-90-TWO-BB-pistol_Beretta-2254810.jpg`;`pyr/Beretta-90-TWO-BB-pistol_Beretta-2254810.jpg`;`pyr/Beretta-90-TWO-BB-pistol_Beretta-2254810.jpg`;`1.0`;`0.177`;`375`;`100`;`34.36`;`36.90`;`1.85`;`2.52`;`2`;`41.27`;`51.58`;`pyrsm/Beretta-90-TWO-BB-pistol_Beretta-2254810_sm.jpg`;`AIR PISTOLS`;`11`
`60`;`PY-3285`;`0`;`1`;`1`;`0`;`1`;`Beretta M84FS CO2 BB Pistol `;`Beretta`;`18`;` Beretta M84FS pistol Uses a 12-gram CO2 cartridge Semiauto Blowback 17rd removable BB magazine Manual safety Fixed front and rear sights Single-action `;`pyr/Beretta-M84FS-CO2-BB-Pistol_Beretta-2253015_lg.jpg`;`pyr/Beretta-M84FS-CO2-BB-Pistol_Beretta-2253015_lg.jpg`;`pyr/Beretta-M84FS-CO2-BB-Pistol_Beretta-2253015_lg.jpg`;`1.2`;`0.177`;`360`;`100`;`76.45`;`82.11`;`4.11`;`5.60`;`2`;`91.82`;`114.77`;`pyrsm/Beretta-M84FS-CO2-BB-Pistol_Beretta-2253015_sm.jpg`;`AIR PISTOLS`;`11`
`61`;`PY-3355`;`0`;`1`;`1`;`0`;`1`;`Beretta 90TWO CO2 BB Pistol & Laser`;`Beretta`;`18`;` Beretta 90TWO air pistol Uses a 12-gram CO2 cartridge Semiauto 21rd drop-free BB mag Accessory rail Double- and single-action Metal slide Manual safety 1.10 lbs. without laser, 1.99 lbs. with laser mounted Includes removable laser, hex wrench and 3 `;`pyr/Umarex-Beretta-90-Two-BB-Pistol-Laser_Beretta-2254800_lg.jpg`;`pyr/Umarex-Beretta-90-Two-BB-Pistol-Laser_Beretta-2254800_lg.jpg`;`pyr/Umarex-Beretta-90-Two-BB-Pistol-Laser_Beretta-2254800_lg.jpg`;`1.5`;`0.177`;`375`;`100`;`50.90`;`54.67`;`2.73`;`3.73`;`2`;`61.13`;`76.41`;`pyrsm/Umarex-Beretta-90-Two-BB-Pistol-Laser_Beretta-2254800_sm.jpg`;`AIR PISTOLS`;`11`
`62`;`PY-3227`;`0`;`1`;`1`;`0`;`1`;`Blackwater BW1911 R2 CO2 Pistol`;`Blackwater`;`23`;` Blackwater BW1911 R2 pistol Uses a 12-gram CO2 cartridge Semiauto 18rd BB clip Single-action only Blowback Manual safety Fixed sights Functional slide Textured grips Weaver accessory rail Full metal   The box states that this gun comes with Hop-Up (`;`pyr/Blackwater-1911-R2-Semi-CO2-177-Pistol_PC258000_lg-logo.jpg`;`pyr/Blackwater-1911-R2-Semi-CO2-177-Pistol_PC258000_lg-logo.jpg`;`pyr/Blackwater-1911-R2-Semi-CO2-177-Pistol_PC258000_lg-logo.jpg`;`1.4`;`0.177`;`312`;`100`;`79.50`;`85.38`;`4.27`;`5.83`;`2`;`95.48`;`119.35`;`pyrsm/Blackwater-1911-R2-Semi-CO2-177-Pistol_PC258000_sm-logo.jpg`;`AIR PISTOLS`;`11`
`63`;`PY-1857-3745`;`0`;`1`;`1`;`0`;`1`;`Browning 800 Express`;`Browning`;`27`;` Browning 800 Express air pistol Breakbarrel Single-shot Anti-recoil power system Magnum velocity Fiber optic sights (adj. rear) Ergonomic & ambidextrous Textured synthetic grip with finger grooves Automatic safety Grooved receiver Includes cocking a`;`pyr/Browning-800-Express_Brown-2252268_pistol_lg.jpg`;`pyr/Browning-800-Express_Brown-2252268_pistol_lg.jpg`;`pyr/Browning-800-Express_Brown-2252268_pistol_lg.jpg`;`2.4`;`0.177`;`700`;`100`;`127.50`;`136.94`;`6.85`;`9.35`;`2`;`153.13`;`191.41`;`pyrsm/Browning-800-Express_Brown-2252268_pistol_sm.jpg`;`AIR PISTOLS`;`11`
`64`;`PY-1857-4108`;`0`;`1`;`1`;`0`;`1`;`Browning 800 Express`;`Browning`;`27`;` Browning 800 Express air pistol Breakbarrel Single-shot Anti-recoil power system Magnum velocity Fiber optic sights (adj. rear) Ergonomic & ambidextrous Textured synthetic grip with finger grooves Automatic safety Grooved receiver Includes cocking a`;`pyr/Browning-800-Express_Brown-2252268_pistol_lg.jpg`;`pyr/Browning-800-Express_Brown-2252268_pistol_lg.jpg`;`pyr/Browning-800-Express_Brown-2252268_pistol_lg.jpg`;`2.4`;`0.22`;`600`;`100`;`127.50`;`136.94`;`6.85`;`9.35`;`2`;`153.13`;`191.41`;`pyrsm/Browning-800-Express_Brown-2252268_pistol_sm.jpg`;`AIR PISTOLS`;`11`
`65`;`PY-2745`;`0`;`1`;`1`;`0`;`1`;`Browning Buck Mark Air Pistol`;`Browning`;`27`;` Browning Buck Mark URX Breakbarrel Single-shot Only 19.8 lbs. cocking effort! Weaver optics rail Fixed front sight Rear sight adjustable for windage and elevation Ambidextrous grip with finger grooves Automatic safety 320 fps/lead pellet, 360 fps/al`;`pyr/Browning-Buck-Mark-Air-Pistol_Brown-2252270.jpg`;`pyr/Browning-Buck-Mark-Air-Pistol_Brown-2252270.jpg`;`pyr/Browning-Buck-Mark-Air-Pistol_Brown-2252270.jpg`;`1.2`;`0.177`;`360`;`100`;`37.86`;`40.66`;`2.03`;`2.78`;`2`;`45.47`;`56.84`;`pyrsm/Browning-Buck-Mark-Air-Pistol_Brown-2252270_sm.jpg`;`AIR PISTOLS`;`11`
`66`;`PY-136`;`0`;`1`;`1`;`0`;`1`;`Colt 1911 A1 CO2 pellet gun`;`Colt`;`41`;` Colt 1911 A1 pellet pistol 8-rd CO2 pistol Blued frame & slide (&quot;Blued&quot; is a term that means it was treated with black oxide. The result is a black finish.) Black grips Looks & feels like the firearm Made of high-quality die-cast metal A h`;`pyr/Colt-Govt-1911-A1-Black_Colt-2254000_pistol_lg.jpg`;`pyr/Colt-Govt-1911-A1-Black_Colt-2254000_pistol_lg.jpg`;`pyr/Colt-Govt-1911-A1-Black_Colt-2254000_pistol_lg.jpg`;`1.8`;`0.177`;`425`;`100`;`189.71`;`203.75`;`10.19`;`13.91`;`2`;`227.84`;`284.80`;`pyrsm/Colt-Govt-1911-A1-Black_Colt-2254000_pistol_sm.jpg`;`AIR PISTOLS`;`11`
`67`;`PY-137`;`0`;`1`;`1`;`0`;`1`;`Colt 1911 pellet gun`;`Colt`;`41`;`6205 - Colt Model 1911 A1 with wood gripsALL METAL  Dimensions of the original weapon were retained. The highly polished and blued  finishes conform to Colt's well-known standard of product integrity. Worth noting, too, is that every model is made en`;`pyr/Colt-1911-Pellet-Gun-Wood-Grips_WAU1911BWood_lg.jpg`;`pyr/Colt-1911-Pellet-Gun-Wood-Grips_WAU1911BWood_lg.jpg`;`pyr/Colt-1911-Pellet-Gun-Wood-Grips_WAU1911BWood_lg.jpg`;`1.6`;`0.177`;`425`;`100`;`264.88`;`284.48`;`14.22`;`19.42`;`2`;`318.12`;`397.65`;`pyrsm/Colt-1911-Pellet-Gun-Wood-Grips_WAU1911BWood_sm.jpg`;`AIR PISTOLS`;`11`
`68`;`PY-2015`;`0`;`1`;`1`;`0`;`1`;`Colt Defender BB Pistol`;`Colt`;`41`;` Colt Defender BB pistol Looks & feels like the Colt Defender compact 1911 firearm Uses 12-gram CO2 cartridges (fits in the grip) Built-in 16-shot BB magazine Fixed front & rear sights All-metal construction Double-action only Accessory rail under th`;`pyr/Colt-Defender-BB_Colt-2254020_pistol_lg.jpg`;`pyr/Colt-Defender-BB_Colt-2254020_pistol_lg.jpg`;`pyr/Colt-Defender-BB_Colt-2254020_pistol_lg.jpg`;`1.3`;`0.177`;`410`;`100`;`44.83`;`48.15`;`2.41`;`3.29`;`2`;`53.84`;`67.30`;`pyrsm/Colt-Defender-BB_Colt-2254020_pistol_sm.jpg`;`AIR PISTOLS`;`11`
`69`;`PY-2777`;`0`;`1`;`1`;`0`;`1`;`Colt 1911 Special Combat Classic BB Pistol`;`Colt`;`41`;`Special introductory price!  Colt 1911 Special Combat Classic Semiauto Uses a 12-gram CO2 cartridge 20rd removable BB clip Fully adjustable rear sight Fixed front sight has a white alignment dot Double-/single-action Manual safety (1911 grip safety i`;`pyr/Colt-Special-Combat-Pstol_Colt-2254025.jpg`;`pyr/Colt-Special-Combat-Pstol_Colt-2254025.jpg`;`pyr/Colt-Special-Combat-Pstol_Colt-2254025.jpg`;`1.5`;`0.177`;`400`;`100`;`81.59`;`87.63`;`4.38`;`5.98`;`2`;`97.99`;`122.49`;`pyrsm/Colt-Special-Combat-Pstol_Colt-2254025_sm.jpg`;`AIR PISTOLS`;`11`
`70`;`PY-3396`;`0`;`1`;`1`;`0`;`1`;`Colt Python CO2 Revolver`;`Colt`;`41`;` Colt Python BB revolver 12-gram CO2 cartridge 6-rd cylinder Fixed front sight Fully adjustable rear sight Textured grips Double-/single-action Manual safety Working ejector rod Swing-out cylinder Includes hex wrench, speedloader and 6 cartridge shel`;`pyr/Colt-Python-Steel-CO2-BB-Revolver_Colt-2254032_lg.jpg`;`pyr/Colt-Python-Steel-CO2-BB-Revolver_Colt-2254032_lg.jpg`;`pyr/Colt-Python-Steel-CO2-BB-Revolver_Colt-2254032_lg.jpg`;`1.9`;`0.177`;`400`;`100`;`86.19`;`92.57`;`4.63`;`6.32`;`2`;`103.51`;`129.39`;`pyrsm/Colt-Python-Steel-CO2-BB-Revolver_Colt-2254032_sm.jpg`;`AIR PISTOLS`;`11`
`71`;`PY-3397`;`0`;`1`;`1`;`0`;`1`;`Colt Commander CO2 Pistol`;`Colt`;`41`;` Colt Commander pistol Uses 12-gram CO2 cartridges Blowback 18-rd drop-free BB mag* Semiauto Single-action Fixed front and  rear sights Skeleton trigger and hammer Ambidextrous, textured grip Manual safety Functioning grip safety Slide stays open whe`;`pyr/Colt-2254028-Colt-Commander-lg.jpg`;`pyr/Colt-2254028-Colt-Commander-lg.jpg`;`pyr/Colt-2254028-Colt-Commander-lg.jpg`;`1.5`;`0.177`;`325`;`0`;`82.88`;`89.01`;`4.45`;`6.08`;`2`;`99.54`;`124.42`;`pyrsm/Colt-2254028-Colt-Commander-sm.jpg`;`AIR PISTOLS`;`11`
`72`;`PY-2918`;`0`;`1`;`1`;`0`;`1`;`Cometa Indian Air Pistol, Black`;`Cometa`;`43`;` Cometa Indian air pistol Spring-piston Overlever Single-shot Fixed blade front sight Windage-adjustable rear sight Single-stage trigger Cold-hammered barrel Textured grip Manual safety  7 lbs. cocking effort `;`pyr/Cometa-Indian-Pistol-177-BLACK_C-INB177.jpg`;`pyr/Cometa-Indian-Pistol-177-BLACK_C-INB177.jpg`;`pyr/Cometa-Indian-Pistol-177-BLACK_C-INB177.jpg`;`1.7`;`0.177`;`492`;`100`;`160.65`;`172.54`;`8.63`;`11.78`;`2`;`192.94`;`241.18`;`pyrsm/Cometa-Indian-Pistol-177-BLACK_C-INB177_sm.jpg`;`AIR PISTOLS`;`11`
`73`;`PY-2919`;`0`;`1`;`1`;`0`;`1`;`Cometa Indian Air Pistol, Nickel`;`Cometa`;`43`;` Cometa Indian air pistol Spring-piston Overlever Single-shot Fixed blade front sight Windage-adjustable rear sight Single-stage trigger Cold-hammered barrel Textured grip Manual safety  7 lbs. cocking effort `;`pyr/Cometa-Indian-Pistol-177-NICKEL_C-INN177.jpg`;`pyr/Cometa-Indian-Pistol-177-NICKEL_C-INN177.jpg`;`pyr/Cometa-Indian-Pistol-177-NICKEL_C-INN177.jpg`;`1.7`;`0.177`;`492`;`0`;`175.95`;`188.97`;`9.45`;`12.90`;`2`;`211.32`;`264.15`;`pyrsm/Cometa-Indian-Pistol-177-NICKEL_C-INN177_sm.jpg`;`AIR PISTOLS`;`11`
`74`;`PY-198`;`0`;`1`;`1`;`0`;`1`;`Crosman 1377C / PC77`;`Crosman`;`46`;`If ever there was a classic American air pistol, it would be this gun. The Crosman 1377C is a powerful multi-pump pneumatic that's been enjoyed by millions of shooters for decades.  One of the reasons it's so popular is that it delivers a real wallop`;`pyr/Crosman-Pneumatic-1377-Pump_CR1377C_pistol_lg.jpg`;`pyr/Crosman-Pneumatic-1377-Pump_CR1377C_pistol_lg.jpg`;`pyr/Crosman-Pneumatic-1377-Pump_CR1377C_pistol_lg.jpg`;`1.1`;`0.177`;`600`;`100`;`47.69`;`51.22`;`2.56`;`3.50`;`2`;`57.28`;`71.59`;`pyrsm/Crosman-Pneumatic-1377-Pump_CR1377C_pistol_sm.jpg`;`AIR PISTOLS`;`11`
`75`;`PY-221`;`0`;`1`;`1`;`0`;`1`;`Crosman 2240`;`Crosman`;`46`;`Crosman's 2240 CO2 pistol is available only in .22 caliber, but it's ideal for plinking. When you pick up this gun, you'll have a hard time putting it down. It's accurate and a pleasure to shoot.The bolt-action reveals a sizeable loading trough, maki`;`pyr/Crosman-224-Black_CR2240_pistol_lg.jpg`;`pyr/Crosman-224-Black_CR2240_pistol_lg.jpg`;`pyr/Crosman-224-Black_CR2240_pistol_lg.jpg`;`1.8`;`0.22`;`460`;`100`;`50.99`;`54.76`;`2.74`;`3.74`;`2`;`61.24`;`76.55`;`pyrsm/Crosman-224-Black_CR2240_pistol_sm.jpg`;`AIR PISTOLS`;`11`
`76`;`PY-927`;`0`;`1`;`1`;`0`;`1`;`Crosman 2300T`;`Crosman`;`46`;` Crosman 2300T air pistol Uses 12-gram CO2 cartridges Bolt-action Single-shot Rifled steel barrel Fixed front post sight LPA micrometer-adjustable rear notch sight (has 2 white dots) 11mm dovetail grooves ~40 useful shots per CO2 cartridge Adjustable`;`pyr/Crosman-2300T_CR-2300T.jpg`;`pyr/Crosman-2300T_CR-2300T.jpg`;`pyr/Crosman-2300T_CR-2300T.jpg`;`1.8`;`0.177`;`520`;`100`;`148.95`;`159.97`;`8.00`;`10.92`;`2`;`178.89`;`223.61`;`pyrsm/Crosman-2300T_CR-2300T_sm.jpg`;`AIR PISTOLS`;`11`
`77`;`PY-928`;`0`;`1`;`1`;`0`;`1`;`Crosman 2300S`;`Crosman`;`46`;` Crosman 2300S air pistol Uses 12-gram CO2 cartridges Bolt-action Single-shot Lothar Walther rifled steel barrel Stainless steel bolt has longer handle for easier operation and extended bolt probe for increased accuracy Fixed front post sight attache`;`pyr/Crosman-2300S-Silhouette_CR-2300S_pistol_lg.jpg`;`pyr/Crosman-2300S-Silhouette_CR-2300S_pistol_lg.jpg`;`pyr/Crosman-2300S-Silhouette_CR-2300S_pistol_lg.jpg`;`1.8`;`0.177`;`520`;`100`;`233.89`;`251.20`;`12.56`;`17.14`;`2`;`280.90`;`351.13`;`pyrsm/Crosman-2300S-Silhouette_CR-2300S_pistol_sm.jpg`;`AIR PISTOLS`;`11`
`78`;`PY-1007`;`0`;`1`;`1`;`0`;`1`;`Crosman 1088B Kit BB & Pellet Pistol`;`Crosman`;`46`;` 1088B CO2 pistol Shoots either lead pellets or steel BBs 8-shot semiauto Durable synthetic frame Fixed front sight Rear sight adj. for windage Accessory rail under barrel Shoots either single- or double-action Never shoot steel BBs at hard objects! `;`pyr/Crosman-1088-CO2-Kit_CR1088BAK_pistol_lg.jpg`;`pyr/Crosman-1088-CO2-Kit_CR1088BAK_pistol_lg.jpg`;`pyr/Crosman-1088-CO2-Kit_CR1088BAK_pistol_lg.jpg`;`0.9`;`0.177`;`430`;`100`;`40.31`;`43.29`;`2.16`;`2.95`;`2`;`48.41`;`60.52`;`pyrsm/Crosman-1088-CO2-Kit_CR1088BAK_pistol_sm.jpg`;`AIR PISTOLS`;`11`
`79`;`PY-1085`;`0`;`1`;`1`;`0`;`1`;`Crosman C11 CO2 BB Gun`;`Crosman`;`46`;`Sleek, sharp, realistic. Crosman's C11 BB gun is all those things...oh, yeah, it's also a blast to shoot! Just pull the trigger, and BBs start flying out the muzzle with flawless precision.  The C11 magazine holds 18 BBs, and the grip panels slide ou`;`pyr/CR-C11-BB-Gun_CR-9-C11RM.jpg`;`pyr/CR-C11-BB-Gun_CR-9-C11RM.jpg`;`pyr/CR-C11-BB-Gun_CR-9-C11RM.jpg`;`1.3`;`0.177`;`480`;`100`;`28.05`;`30.13`;`1.51`;`2.06`;`2`;`33.69`;`42.11`;`pyrsm/CR-C11-BB-Gun_CR-9-C11RM_sm.jpg`;`AIR PISTOLS`;`11`
`80`;`PY-1124`;`0`;`1`;`1`;`0`;`1`;`Crosman PRO77 Kit`;`Crosman`;`46`;`Action shooting with the PRO77 blowback BB pistol! This has got to be one of the neatest pistols Crosman's brought out in a while. Put 17 steel BBs into the stick magazine hidden in the grip, cock the hammer and BAM! BAM! BAM! (Never shoot steel BBs `;`pyr/Crosman-PRO77-Kit_CRPRO77KT_lg.jpg`;`pyr/Crosman-PRO77-Kit_CRPRO77KT_lg.jpg`;`pyr/Crosman-PRO77-Kit_CRPRO77KT_lg.jpg`;`2.2`;`0.177`;`350`;`0`;`54.83`;`58.89`;`2.94`;`4.02`;`2`;`65.85`;`82.31`;`pyrsm/Crosman-PRO77-Kit_CRPRO77KT_sm.jpg`;`AIR PISTOLS`;`11`
`81`;`PY-1130`;`0`;`1`;`1`;`0`;`1`;`Crosman T4 Kit`;`Crosman`;`46`;`Kit includes Crosman T4 CO2 pistol, targets, pellets, BBs, CO2 and safety glasses. Shoot either BBs or pellets in this nifty semi-auto pistol from Crosman. The T4 comes with two 8-shot circular clips that can hold either steel BBs (Never shoot steel `;`pyr/Crosman-T4-Kit_CRT4KT.jpg`;`pyr/Crosman-T4-Kit_CRT4KT.jpg`;`pyr/Crosman-T4-Kit_CRT4KT.jpg`;`1.8`;`0.177`;`450`;`100`;`54.83`;`58.89`;`2.94`;`4.02`;`2`;`65.85`;`82.31`;`pyrsm/Crosman-T4-Kit_CRT4KT_sm.jpg`;`AIR PISTOLS`;`11`
`82`;`PY-1585`;`0`;`1`;`1`;`0`;`1`;`Crosman C11 Tactical`;`Crosman`;`46`;` C11 Tactical pistol Shoots steel BBs 18-rd mag Uses 12-gram CO2 cartridges Finger grooves on grip Includes compensator, laser & Weaver quad-rail 1.4 lbs. (gun without accessories) 11&quot; long (including the compensator)  <font color=red>Never shoo`;`pyr/Crosman-C11-Tactical_CR-TACC11_pistol_lg.jpg`;`pyr/Crosman-C11-Tactical_CR-TACC11_pistol_lg.jpg`;`pyr/Crosman-C11-Tactical_CR-TACC11_pistol_lg.jpg`;`2`;`0.177`;`480`;`100`;`56.74`;`60.94`;`3.05`;`4.16`;`2`;`68.14`;`85.18`;`pyrsm/Crosman-C11-Tactical_CR-TACC11_pistol_sm.jpg`;`AIR PISTOLS`;`11`
`83`;`PY-1792`;`0`;`1`;`1`;`0`;`1`;`Crosman C41 CO2 BB Pistol`;`Crosman`;`46`;` Crosman C41 pistol CO2-powered 18-shot spring-fed BB mag Semi-auto Ambidextrous, textured grips with finger grooves Fixed sights Looks & feels like a firearm, with similar heft Uses 12-gram CO2 Powerlets `;`pyr/Crosman-C41_CR-C41_pistol_lg.jpg`;`pyr/Crosman-C41_CR-C41_pistol_lg.jpg`;`pyr/Crosman-C41_CR-C41_pistol_lg.jpg`;`1.7`;`0.177`;`495`;`100`;`55.15`;`59.23`;`2.96`;`4.04`;`2`;`66.24`;`82.79`;`pyrsm/Crosman-C41_CR-C41_pistol_sm.jpg`;`AIR PISTOLS`;`11`
`84`;`PY-2469`;`0`;`1`;`1`;`0`;`1`;`Crosman Silhouette PCP Air Pistol`;`Crosman`;`46`;` Crosman Silhouette PCP pistol Uses 3,000 psi compressed air Single-shot Bolt-action 2-stage adjustable trigger Lothar Walther barrel .25&quot; group @ 10 meters Almost no recoil Post front sight that's adj. for width! (no rear sight) 3/8&quot; dovet`;`pyr/Crosman-Silhouette-PCP-Match_CR-1701P_pistol_lg.jpg`;`pyr/Crosman-Silhouette-PCP-Match_CR-1701P_pistol_lg.jpg`;`pyr/Crosman-Silhouette-PCP-Match_CR-1701P_pistol_lg.jpg`;`2.7`;`0.177`;`450`;`100`;`324.87`;`348.91`;`17.45`;`23.81`;`2`;`390.17`;`487.71`;`pyrsm/Crosman-Silhouette-PCP-Match_CR-1701P_pistol_sm.jpg`;`AIR PISTOLS`;`11`
`85`;`PY-2502`;`0`;`1`;`1`;`0`;`1`;`Crosman 1377C / PC77, Black`;`Crosman`;`46`;` Crosman 1377C air pistol Multi-pump pneumatic Bolt-action Single-shot Textured plastic grip & pump arm Ambidextrous grip with thumbrests on both sides 3-10 pumps Manual safety Fixed front sight, fully adj. rear    Click the AMMO link to stock up on `;`pyr/Crosman-1377-Black_CR1377-PC77B_pistol_lg.jpg`;`pyr/Crosman-1377-Black_CR1377-PC77B_pistol_lg.jpg`;`pyr/Crosman-1377-Black_CR1377-PC77B_pistol_lg.jpg`;`1.1`;`0.177`;`600`;`100`;`47.81`;`51.35`;`2.57`;`3.50`;`2`;`57.42`;`71.77`;`pyrsm/Crosman-1377-Black_CR1377-PC77B_pistol_sm.jpg`;`AIR PISTOLS`;`11`
`86`;`PY-2657`;`0`;`1`;`1`;`0`;`1`;`Crosman 1322 Air Pistol, Black`;`Crosman`;`46`;` Crosman 1322 air pistol Multi-pump pneumatic Single-shot 3 to 10 pumps Fixed front sight Fully adjustable rear sight Thumbrest Plastic grip and forearm Manual safety `;`pyr/Crosman-1322-Black_CR1322BL_pistol_lg.jpg`;`pyr/Crosman-1322-Black_CR1322BL_pistol_lg.jpg`;`pyr/Crosman-1322-Black_CR1322BL_pistol_lg.jpg`;`1.1`;`0.22`;`460`;`100`;`47.81`;`51.35`;`2.57`;`3.50`;`2`;`57.42`;`71.77`;`pyrsm/Crosman-1322-Black_CR1322BL_pistol_sm.jpg`;`AIR PISTOLS`;`11`
`87`;`PY-2705`;`0`;`1`;`1`;`0`;`1`;`Crosman 1720T PCP Target Air Pistol`;`Crosman`;`46`;` Crosman 1720T pistol Precharged pneumatic Bolt-action Single-shot Match-grade Lothar Walther choked & shrouded barrel Reversible bolt for ambidextrous use! 2-stage adjustable trigger (pull weight, length of pull & overtravel 11mm dovetail No open si`;`pyr/CR1720T_temp_lg.jpg`;`pyr/CR1720T_temp_lg.jpg`;`pyr/CR1720T_temp_lg.jpg`;`1.9`;`0.177`;`750`;`100`;`413.09`;`443.66`;`22.18`;`30.28`;`2`;`496.12`;`620.15`;`pyrsm/CR1720T_temp_sm.jpg`;`AIR PISTOLS`;`11`
`88`;`PY-3094`;`0`;`1`;`1`;`0`;`1`;`Crosman 1911 CO2 BB Pistol`;`Crosman`;`46`;` Crosman 1911 Uses 12-gram CO2 cartridges (fits in the grip) Semiauto Smoothbore 20rd removable BB magazine Fixed front and rear sights Manual safety Double-action Accessory rail under the barrel Remove grip panel to replace CO2 cartridge `;`pyr/Crosman-1911-CO2-Pistol_CR-40001.jpg`;`pyr/Crosman-1911-CO2-Pistol_CR-40001.jpg`;`pyr/Crosman-1911-CO2-Pistol_CR-40001.jpg`;`1.3`;`0.177`;`480`;`100`;`30.59`;`32.85`;`1.64`;`2.24`;`2`;`36.74`;`45.92`;`pyrsm/Crosman-1911-CO2-Pistol_CR-40001_sm.jpg`;`AIR PISTOLS`;`11`
`89`;`PY-3095`;`0`;`1`;`1`;`0`;`1`;`Crosman GI Model 1911 CO2 Blowback BB Pistol`;`Crosman`;`46`;` Crosman GI Model 1911 Uses 12-gram CO2 cartridges (fits in the grip) Semiauto Smoothbore Blowback 20rd removable BB magazine Fixed front and rear sights Manual safety Double-action Full metal for realistic heft Remove grip panel to replace CO2 cartr`;`pyr/Crosman-G1911-blowback-pistol-brown_CR-40021_lg.jpg`;`pyr/Crosman-G1911-blowback-pistol-brown_CR-40021_lg.jpg`;`pyr/Crosman-G1911-blowback-pistol-brown_CR-40021_lg.jpg`;`1.8`;`0.177`;`450`;`100`;`57.38`;`61.63`;`3.08`;`4.21`;`2`;`68.91`;`86.14`;`pyrsm/Crosman-G1911-blowback-pistol-brown_CR-40021_sm.jpg`;`AIR PISTOLS`;`11`
`90`;`PY-3118`;`0`;`1`;`1`;`0`;`1`;`Crosman Tactical 1911 CO2 BB Pistol Combo`;`Crosman`;`46`;` Crosman tactical 1911 Uses 12-gram CO2 cartridges (fits in the grip) Semiauto Smoothbore 20rd removable BB magazine Fixed front and rear sights Manual safety Double-action Smoothbore Accessory rail under the barrel Remove grip panel to replace CO2 c`;`pyr/Crosman-Tactical-1911-CO2-BB-Pistol-Combo_CR-40005.jpg`;`pyr/Crosman-Tactical-1911-CO2-BB-Pistol-Combo_CR-40005.jpg`;`pyr/Crosman-Tactical-1911-CO2-BB-Pistol-Combo_CR-40005.jpg`;`1.2`;`0.177`;`550`;`100`;`58.34`;`62.66`;`3.13`;`4.28`;`2`;`70.07`;`87.58`;`pyrsm/Crosman-Tactical-1911-CO2-BB-Pistol-Combo_CR-40005_sm.jpg`;`AIR PISTOLS`;`11`
`91`;`PY-3253`;`0`;`1`;`1`;`0`;`1`;`Crosman Vigilante CO2 Revolver `;`Crosman`;`46`;` Crosman Vigilante revolver Uses a 12-gram CO2 cartridge 10rd pellet magazine 6rd BB magazine Single- or double-action Fixed front sight Fully adjustable rear sight Manual safety Synthetic, textured grip with finger grooves Weaver rail under barrel f`;`pyr/Crosman-Vigilante-CO2-Revolver_CR-CCP8B2.jpg`;`pyr/Crosman-Vigilante-CO2-Revolver_CR-CCP8B2.jpg`;`pyr/Crosman-Vigilante-CO2-Revolver_CR-CCP8B2.jpg`;`0.6`;`0.177`;`465`;`100`;`38.58`;`41.43`;`2.07`;`2.83`;`2`;`46.33`;`57.92`;`pyrsm/Crosman-Vigilante-CO2-Revolver_CR-CCP8B2_sm.jpg`;`AIR PISTOLS`;`11`
`92`;`PY-3339`;`0`;`1`;`1`;`0`;`1`;`Wildcat CO2 BB Pistol`;`Crosman`;`46`;` Crosman Wildcat pistol Uses a 12-gram CO2 cartridge Semiauto 20rd removable BB magazine Steel barrel Pink and black polymer frame Textured grips Grip panel easily removes for CO2 cartridge replacement Picatinny accessory rail for dot sight, laser or`;`pyr/CR-P10PNK_lg.jpg`;`pyr/CR-P10PNK_lg.jpg`;`pyr/CR-P10PNK_lg.jpg`;`1.3`;`0.177`;`480`;`100`;`32.64`;`35.06`;`1.75`;`2.39`;`2`;`39.20`;`49.00`;`pyrsm/CR-P10PNK_sm.jpg`;`AIR PISTOLS`;`11`
`93`;`PY-2687`;`0`;`1`;`1`;`0`;`1`;`CZ 75D Compact CO2 BB Pistol `;`CZ`;`49`;` CZ 75D Compact pistol Uses a 12-gram CO2 cartridge 17-rd removable BB magazine Fixed front size Windage-adjusable rear sight Double- and single-action Rubber grips Manual safety Weaver accessory rail `;`pyr/Aftermatch-CZ-75-D-CO2-Semi-Auto-BB_AM-611169354_pistol_lg.jpg`;`pyr/Aftermatch-CZ-75-D-CO2-Semi-Auto-BB_AM-611169354_pistol_lg.jpg`;`pyr/Aftermatch-CZ-75-D-CO2-Semi-Auto-BB_AM-611169354_pistol_lg.jpg`;`1.2`;`0.177`;`380`;`100`;`56.09`;`60.24`;`3.01`;`4.11`;`2`;`67.36`;`84.21`;`pyrsm/Aftermatch-CZ-75-D-CO2-Semi-Auto-BB_AM-611169354_pistol_sm.jpg`;`AIR PISTOLS`;`11`
`94`;`PY-3221`;`0`;`1`;`1`;`0`;`1`;`Daisy Powerline 340 Air Pistol`;`Daisy`;`50`;` Daisy Powerline 340 air pistol Spring-piston Repeater 200rd BB reservoir, 13rd BB Speedload clip Fixed front and rear sights Manual safety Single-action Textured grip panels   You must pull back on the slide to cock the gun for each shot.`;`pyr/Daisy-340-BB-Spring-pistol_DY-340_lg.jpg`;`pyr/Daisy-340-BB-Spring-pistol_DY-340_lg.jpg`;`pyr/Daisy-340-BB-Spring-pistol_DY-340_lg.jpg`;`1.1`;`0.177`;`240`;`0`;`15.29`;`16.42`;`0.82`;`1.12`;`2`;`18.36`;`22.95`;`pyrsm/Daisy-340-BB-Spring-pistol_DY-340_sm.jpg`;`AIR PISTOLS`;`11`
`95`;`PY-303`;`0`;`1`;`1`;`0`;`1`;`Daisy Powerline 5693 Kit`;`Daisy`;`50`;`This kit has everything you need to start shooting the minute the gun arrives! Includes Powerline 693 pistol, safety glasses, 350 BBs, 3 CO2 cartridges and airgun targets. Bam, bam, bam...15 times! The Daisy Powerline 693 sends 15 BBs downrange as fa`;`pyr/DY5693Kit_weekly-special_lg.gif`;`pyr/DY5693Kit_weekly-special_lg.gif`;`pyr/DY5693Kit_weekly-special_lg.gif`;`1.8`;`0.177`;`400`;`100`;`43.84`;`47.08`;`2.35`;`3.21`;`2`;`52.65`;`65.81`;`pyrsm/DY5693Kit_weekly-special_sm.gif`;`AIR PISTOLS`;`11`
`96`;`PY-321`;`0`;`1`;`1`;`0`;`1`;`Daisy Powerline 15XT`;`Daisy`;`50`;`Daisy's Powerline 15XT CO2 BB pistol shoots 15 shots as fast as you can pull the trigger! It makes a great pistol for firearms training, but you'll want to shoot it for fun, too. The built-in magazine is easy to load, so you spend more time shooting `;`pyr/Daisy-Powerline-15XT-KIT_DY-15XT_01.jpg`;`pyr/Daisy-Powerline-15XT-KIT_DY-15XT_01.jpg`;`pyr/Daisy-Powerline-15XT-KIT_DY-15XT_01.jpg`;`0.5`;`0.177`;`480`;`100`;`26.40`;`28.35`;`1.42`;`1.94`;`2`;`31.71`;`39.63`;`pyrsm/Daisy-Powerline-15XT-KIT_DY-15XT_sm01.jpg`;`AIR PISTOLS`;`11`
`97`;`PY-322`;`0`;`1`;`1`;`0`;`1`;`Daisy Powerline 15XTP`;`Daisy`;`50`;`Includes 15XT pistol and Daisy Electronic Point Sight! Daisy's Powerline 15XT CO2 BB pistol shoots 15 shots as fast as you can pull the trigger! It makes a great pistol for firearms training, but you'll want to shoot it for fun, too. The built-in mag`;`pyr/Daisy-Powerline-15XTP_DY-15XTP.jpg`;`pyr/Daisy-Powerline-15XTP_DY-15XTP.jpg`;`pyr/Daisy-Powerline-15XTP_DY-15XTP.jpg`;`0.5`;`0.177`;`480`;`100`;`33.30`;`35.76`;`1.79`;`2.44`;`2`;`39.99`;`49.99`;`pyrsm/Daisy-Powerline-15XTP_DY-15XTP_sm.jpg`;`AIR PISTOLS`;`11`
`98`;`PY-346`;`0`;`1`;`1`;`0`;`1`;`Daisy Powerline 693`;`Daisy`;`50`;`Bam, bam, bam...15 times! The Daisy Powerline 693 sends 15 BBs downrange as fast as your finger can work the trigger. This CO2 pistol has awesome looks and power, with a max velocity of 400 fps. (Never shoot BBs at metal objects!)  A nickel finish ag`;`pyr/Daisy-Powerline-693_DY-693_pistol_lg.jpg`;`pyr/Daisy-Powerline-693_DY-693_pistol_lg.jpg`;`pyr/Daisy-Powerline-693_DY-693_pistol_lg.jpg`;`1.5`;`0.177`;`400`;`100`;`40.62`;`43.63`;`2.18`;`2.98`;`2`;`48.78`;`60.98`;`pyrsm/Daisy-Powerline-693_DY-693_pistol_sm.jpg`;`AIR PISTOLS`;`11`
`99`;`PY-511`;`0`;`1`;`1`;`0`;`1`;`Daisy Powerline 617X`;`Daisy`;`50`;`Daisy's Powerline 617X is a very realistic-looking 6-shot pellet and BB pistol. (Never shoot BBs at metal objects!) Powered by CO2, the 617X launches BBs about 485 fps and pellets about 425 fps. The TruGlo fiber optic front sight helps you home in on`;`pyr/Daisy-Powerline-617x-Pistol_DY617X_lg.jpg`;`pyr/Daisy-Powerline-617x-Pistol_DY617X_lg.jpg`;`pyr/Daisy-Powerline-617x-Pistol_DY617X_lg.jpg`;`1.5`;`0.177`;`485`;`100`;`51.17`;`54.96`;`2.75`;`3.75`;`2`;`61.46`;`76.82`;`pyrsm/Daisy-Powerline-617x-Pistol_DY617X_sm.jpg`;`AIR PISTOLS`;`11`
